Date,Prompt,Response Time (ms),Tokens Generated
2023-01-01,Generate a creative story about space travel,62.0,287
2023-01-04,Explain quantum computing in simple terms,53.0,290
2023-01-05,Explain quantum computing in simple terms,75.0,392
2023-01-06,Generate marketing copy for a new tech product,61.0,250
2023-01-07,Write a sci-fi short story set in 2050,87.0,370
2023-01-09,Generate marketing copy for a new tech product,96.0,427
2023-01-11,Generate a creative story about space travel,98.0,230
2023-01-12,Generate a creative story about space travel,76.0,317
2023-01-13,Write a sci-fi short story set in 2050,61.0,307
2023-01-14,Create a recipe using plant-based ingredients,98.0,257
2023-01-15,Write a sci-fi short story set in 2050,52.0,204
2023-01-16,Generate a creative story about space travel,81.0,486
2023-01-17,Generate marketing copy for a new tech product,91.0,225
2023-01-18,Generate a creative story about space travel,61.0,484
2023-01-19,Outline the ethical considerations of AI,78.0,242
2023-01-20,Write a poem about the future of technology,80.0,458
2023-01-22,Create a recipe using plant-based ingredients,69.0,373
2023-01-23,Write a poem about the future of technology,94.0,210
2023-01-24,Outline the ethical considerations of AI,53.0,301
2023-01-25,Describe the impact of AI on healthcare,97.0,271
2023-01-27,Explain blockchain for beginners,67.0,314
2023-01-29,Create a recipe using plant-based ingredients,97.0,257
2023-01-30,Explain blockchain for beginners,64.0,455
2023-02-03,Write a poem about the future of technology,97.0,283
2023-02-05,Summarize the latest research on climate change,64.0,205
2023-02-06,Summarize the latest research on climate change,94.0,324
2023-02-07,Write a poem about the future of technology,70.0,306
2023-02-10,Outline the ethical considerations of AI,77.0,450
2023-02-11,Describe the impact of AI on healthcare,99.0,437
2023-02-13,Describe the impact of AI on healthcare,92.0,362
2023-02-14,Explain quantum computing in simple terms,52.0,300
2023-02-15,Outline the ethical considerations of AI,72.0,385
2023-02-16,Describe the impact of AI on healthcare,73.0,302
2023-02-18,Summarize the latest research on climate change,77.0,236
2023-02-20,Generate a creative story about space travel,81.0,368
2023-02-22,Describe the impact of AI on healthcare,90.0,416
2023-02-23,Generate marketing copy for a new tech product,74.0,318
2023-02-24,Generate a creative story about space travel,54.0,372
2023-02-25,Explain blockchain for beginners,86.0,461
2023-02-26,Summarize the latest research on climate change,86.0,500
2023-02-27,Generate a creative story about space travel,85.0,203
2023-02-28,Create a recipe using plant-based ingredients,86.0,276
2023-03-01,Explain blockchain for beginners,90.0,223
2023-03-02,Explain blockchain for beginners,87.0,209
2023-03-06,Outline the ethical considerations of AI,51.0,269
2023-03-08,Generate a creative story about space travel,70.0,379
2023-03-09,Write a poem about the future of technology,83.0,300
2023-03-10,Explain blockchain for beginners,59.0,316
2023-03-11,Outline the ethical considerations of AI,88.0,377
2023-03-12,Explain quantum computing in simple terms,80.0,450
2023-03-13,Write a sci-fi short story set in 2050,82.0,428
2023-03-14,Explain quantum computing in simple terms,74.0,438
2023-03-15,Explain blockchain for beginners,91.0,293
2023-03-17,Describe the impact of AI on healthcare,83.0,208
2023-03-18,Generate marketing copy for a new tech product,91.0,329
2023-03-20,Generate marketing copy for a new tech product,94.0,286
2023-03-21,Explain quantum computing in simple terms,61.0,401
2023-03-22,Explain blockchain for beginners,90.0,226
2023-03-24,Create a recipe using plant-based ingredients,88.0,206
2023-03-25,Summarize the latest research on climate change,70.0,361
2023-03-26,Write a sci-fi short story set in 2050,89.0,255
2023-03-27,Outline the ethical considerations of AI,79.0,276
2023-03-28,Explain blockchain for beginners,57.0,313
2023-03-30,Explain blockchain for beginners,51.0,461
2023-03-31,Explain blockchain for beginners,78.0,490
2023-04-01,Generate a creative story about space travel,71.0,482
2023-04-02,Explain quantum computing in simple terms,69.0,462
2023-04-03,Write a poem about the future of technology,83.0,421
2023-04-04,Explain quantum computing in simple terms,97.0,325
2023-04-06,Explain quantum computing in simple terms,61.0,304
2023-04-07,Write a sci-fi short story set in 2050,57.0,238
2023-04-09,Generate marketing copy for a new tech product,77.0,296
2023-04-10,Create a recipe using plant-based ingredients,55.0,306
